epoch,train_accuracy,train_loss,train_precision,train_recall,validation_accuracy,validation_loss,validation_precision,validation_recall
0,0.26433566212654114,1.8695571422576904,0.426763117313385,0.04715284705162048,0.37239164113998413,1.739127516746521,0.478723406791687,0.14446227252483368
1,0.43296703696250916,1.5838042497634888,0.5244100689888,0.2575424611568451,0.3964686989784241,1.7915520668029785,0.4516128897666931,0.26966291666030884
2,0.4727272689342499,1.4675372838974,0.5636020302772522,0.35764235258102417,0.41894060373306274,1.666835069656372,0.49024391174316406,0.32263243198394775
3,0.5218781232833862,1.3562636375427246,0.619956910610199,0.40219780802726746,0.4430176615715027,1.6505476236343384,0.5281173586845398,0.3467094600200653
4,0.5512487292289734,1.2710371017456055,0.6436472535133362,0.43016982078552246,0.43980738520622253,1.6618783473968506,0.538083553314209,0.35152488946914673
5,0.5670329928398132,1.1949383020401,0.6589423418045044,0.4431568384170532,0.43178170919418335,1.6655060052871704,0.50352942943573,0.34349918365478516
6,0.5904095768928528,1.1128907203674316,0.6959696412086487,0.4761238694190979,0.43178170919418335,1.720436453819275,0.4975961446762085,0.3322632312774658
7,0.620379626750946,1.0467547178268433,0.7297994494438171,0.5088911056518555,0.43820226192474365,1.7765635251998901,0.4881516695022583,0.33065810799598694
8,0.6325674057006836,1.012282371520996,0.7344490885734558,0.5260739326477051,0.42696627974510193,1.8546802997589111,0.48402947187423706,0.31621187925338745
