epoch,train_accuracy,train_loss,train_precision,train_recall,validation_accuracy,validation_loss,validation_precision,validation_recall
0,0.3614385724067688,2.3980634212493896,0.41232091188430786,0.28751248121261597,0.3739967942237854,3.3631629943847656,0.38958707451820374,0.3483146131038666
1,0.46653345227241516,2.9582366943359375,0.4823352098464966,0.44735264778137207,0.3884430229663849,5.1815948486328125,0.39261746406555176,0.3756019175052643
2,0.4981018900871277,3.6142795085906982,0.5069057941436768,0.49130868911743164,0.4077046513557434,6.094482421875,0.4098360538482666,0.4012840986251831
3,0.5372627377510071,4.239199161529541,0.5412675738334656,0.5306693315505981,0.4060995280742645,7.721209526062012,0.40813007950782776,0.4028892517089844
4,0.568431556224823,4.200911045074463,0.5707356333732605,0.5642357468605042,0.38362759351730347,9.696473121643066,0.38699185848236084,0.3820224702358246
5,0.557242751121521,4.771976470947266,0.5600403547286987,0.5544455647468567,0.35794541239738464,12.523974418640137,0.3576051890850067,0.3547351658344269
